<?xml version="1.0" encoding="UTF-8"?>
<!-- $Id$ -->
<DataSourceSet xmlns:xsi="http://www.w3.org/2001/XMLSchema-instance"
  xsi:noNamespaceSchemaLocation="../../../../../pos/config/dtv/res/config/DataSourceConfig.xsd">
  
  <DataSource name="Xcenter" networkScope="LAN" enabled="true">
    <Strategy dtype="String">jdbcPersistenceStrategy</Strategy>
    <Property key="ConnectionFactoryClassName" value="${dtv.datasource.connectionfactory}" />
    <Property key="ConnectionUserName" value="${xcenter.db.username}" />
    <Property key="ConnectionPassword" value="${xcenter.db.password}" />
    <Property key="ConnectionURL" value="${xcenter.db.connectionURL}" />
    <Ping>
      <ClassName dtype="Class">dtv.data2.access.impl.SocketPing</ClassName>
      <Property key="Host" value="${xcenter.db.ping.host}" />
      <Property key="Port" value="${xcenter.db.ping.port}" />
      <Property key="Timeout" value="1000" />
    </Ping>
  </DataSource>
  
  <DataSource name="Xcenter">
    <Enabled dtype="Boolean">false</Enabled>
    <NetworkScope dtype="String">WAN</NetworkScope>
    <Strategy dtype="String">servletPersistenceStrategy</Strategy>
    <Property key="ConnectionURL" value="https://vncawoxias01.clienttest.btmgcs.com:8006"/>
    <Property key="GetObjectByIdPath" value="/xcenter/dtx/GetById"/>
    <Property key="GetObjectByQueryPath" value="/xcenter/dtx/GetByQuery"/>
    <Property key="MakePersistentPath" value="/xcenter/dtx/MakePersistent"/>
    <Property key="GetConfigPathPath" value="/xcenter/configpath/GetConfigPath"/>
    <Property key="Timeout" value="30000"/>
    <Property key="ConnectionUserName" value="Pj4+MHXFMwELUnDwhwN1+82EjYZ3lErQ"/>
    <Property key="ConnectionPassword" value="Pj4+MHXFMwFZKh3SRKQ/xW437/yPa8LL"/>
    <Property key="keystore" value="res/ssl/.keystore"/>
    <Property key="keystorePassword" value="Pj4+MHXFMwHTDneDK+VcyzFfn56ZKrS9n6Bg3pixk6uRJj28Z7vZCw=="/>
    <Property key="keyalias" value="xstore"/>
    <Property key="truststore" value="res/ssl/.truststore"/>
    <Property key="truststorePassword" value="Pj4+MHXFMwHTDneDK+VcyzFfn56ZKrS9n6Bg3pixk6uRJj28Z7vZCw=="/>
    <Ping>
      <ClassName dtype="Class">dtv.data2.access.impl.SocketPing</ClassName>
      <Property key="Host" value="vncawoxias01.clienttest.btmgcs.com"/>
      <Property key="Port" value="8006"/>
      <Property key="Timeout" value="1000"/>
    </Ping>
  </DataSource>
  
  <DataSource name="StoreBackup" networkScope="LAN" enabled="false">
    <Strategy dtype="String">jdbcPersistenceStrategy</Strategy>
    <Property key="ConnectionFactoryClassName" value="${dtv.datasource.connectionfactory}" />
    <Property key="ConnectionUserName" value="${storebackup.db.username}" />
    <Property key="ConnectionPassword" value="${storebackup.db.password}" />
    <Property key="ConnectionURL" value="${storebackup.db.connectionURL}" />
    <Ping>
      <ClassName dtype="Class">dtv.data2.access.impl.SocketPing</ClassName>
      <Property key="Host" value="${storebackup.db.ping.host}" />
      <Property key="Port" value="${storebackup.db.ping.port}" />
      <Property key="Timeout" value="1000" />
    </Ping>
  </DataSource>
  
  <DataSource name="StorePrimary" networkScope="LAN" enabled="false">
    <Strategy dtype="String">jdbcPersistenceStrategy</Strategy>
    <Property key="ConnectionFactoryClassName" value="${dtv.datasource.connectionfactory}" />
    <Property key="ConnectionUserName" value="${storeprimary.db.username}" />
    <Property key="ConnectionPassword" value="${storeprimary.db.password}" />
    <Property key="ConnectionURL" value="${storeprimary.db.connectionURL}" />
    <Ping>
      <ClassName dtype="Class">dtv.data2.access.impl.SocketPing</ClassName>
      <Property key="Host" value="${storeprimary.db.ping.host}" />
      <Property key="Port" value="${storeprimary.db.ping.port}" />
      <Property key="Timeout" value="1000" />
    </Ping>
  </DataSource>
  
  <DataSource name="Local" networkScope="LAN" >
    <Strategy dtype="String">jdbcPersistenceStrategy</Strategy>
    <Property key="ConnectionFactoryClassName" value="${dtv.datasource.connectionfactory}" />
    <Property key="ConnectionUserName" value="${local.db.username}" />
    <Property key="ConnectionPassword" value="${local.db.password}" />
    <Property key="ConnectionURL" value="${local.db.connectionURL}" />
    <Ping>
      <ClassName dtype="Class">dtv.data2.access.impl.SocketPing</ClassName>
      <Property key="Host" value="${local.db.ping.host}" />
      <Property key="Port" value="${local.db.ping.port}" />
      <Property key="Timeout" value="1000" />
    </Ping>
  </DataSource>
  
  <DataSource name="Replication" networkScope="LAN" highAvailability="true" enabled="false">
    <Strategy dtype="String">jdbcPersistenceStrategy</Strategy>
    <Property key="ConnectionFactoryClassName" value="${dtv.datasource.connectionfactory}" />
    <Property key="ConnectionUserName" value="${replication.db.username}" />
    <Property key="ConnectionPassword" value="${replication.db.password}" />
    <Property key="ConnectionURL" value="${replication.db.connectionURL}" />
    <Ping>
      <ClassName dtype="Class">dtv.data2.access.impl.SocketPing</ClassName>
      <Property key="Host" value="${replication.db.ping.host}" />
      <Property key="Port" value="${replication.db.ping.port}" />
      <Property key="Timeout" value="1000" />
    </Ping>
  </DataSource>
  
  <DataSource name="Training" networkScope="LAN" enabled="false">
    <Strategy dtype="String">jdbcPersistenceStrategy</Strategy>
    <Property key="ConnectionFactoryClassName" value="${dtv.datasource.connectionfactory}" />
    <Property key="ConnectionUserName" value="${training.db.username}" />
    <Property key="ConnectionPassword" value="${training.db.password}" />
    <Property key="ConnectionURL" value="${training.db.connectionURL}" />
    <Ping>
      <ClassName dtype="Class">dtv.data2.access.impl.SocketPing</ClassName>
      <Property key="Host" value="${training.db.ping.host}" />
      <Property key="Port" value="${training.db.ping.port}" />
      <Property key="Timeout" value="1000" />
    </Ping>
  </DataSource>
</DataSourceSet>
