<?xml version="1.0" encoding="UTF-8"?>
<Store dtype="Default" xmlns:xsi="http://www.w3.org/2001/XMLSchema-instance"
  xsi:noNamespaceSchemaLocation="../../../../../pos/config/dtv/res/config/SystemConfig.xsd">
  
  <RegisterConfig dtype="Default">

  </RegisterConfig>
  <SystemConfig dtype="Default">
    <Email dtype="Default">
      <DefaultMailHost dtype="String">usmplssrvmail.ad.btmglobal.com</DefaultMailHost><!-- BZ29545 -->
      <DefaultMailPort dtype="PositiveInteger">25</DefaultMailPort>
      <UseSmtpAuth dtype="Boolean">false</UseSmtpAuth>
      <UseTLS dtype="Boolean">false</UseTLS>
      <DefaultMailUser dtype="String"></DefaultMailUser>
      <DefaultMailPassword dtype="String"></DefaultMailPassword>
      <SmtpDebug dtype="Boolean">false</SmtpDebug>
      <DefaultSender dtype="String">no-reply@btmglobal.com</DefaultSender><!-- BZ29545 -->
      <!-- This needs to be modified to reflect the valid email address of (usually) a store manager. -->
      <DefaultRecipient dtype="String">no-reply@btmglobal.com</DefaultRecipient>
      <!-- When UseTestingMode = true, only email addresses containing any of the strings in the comma-
      separated value of TestingModeAddressFilter will be targeted for emails.  
      When UseTestingMode = false, all emails will be delivered regardless of the target email address. -->
      <UseTestingMode dtype="Boolean">false</UseTestingMode>
      <TestingModeAddressFilter dtype="String">@oracle.com, @micros.com, @micros-retail.com, @micros-retail.at, @datavantagecorp.com, @btmglobal.com</TestingModeAddressFilter>
      <Receipt dtype="Default">
        <SendEmailReceipts dtype="Boolean">true</SendEmailReceipts>
        <AlwaysPromptToEmail dtype="Boolean">true</AlwaysPromptToEmail>
        <SaveUpdatedEmailAddressToCustomer dtype="Boolean">true</SaveUpdatedEmailAddressToCustomer>
        <Subject dtype="Translatable">_receiptEmailSubject</Subject>
        <From dtype="String">no-reply@btmglobal.com</From> <!-- BZ24368 -->
        <LineStyle dtype="String">Courier New</LineStyle>
      </Receipt>
    </Email>
  </SystemConfig>
</Store>
